﻿<parameters>
  <parameter name="IIS Web Application Name" defaultValue="senat" tags="IisApp">
    <parameterEntry kind="ProviderPath" scope="IisApp" match="^C:\\Users\\OUT-Reutov-VA\\source\\repos\\SenatApi\\SenatWebAp\\obj\\Release\\Package\\PackageTmp$" />
    <parameterEntry kind="ProviderPath" scope="setAcl" match="^C:\\Users\\OUT-Reutov-VA\\source\\repos\\SenatApi\\SenatWebAp\\obj\\Release\\Package\\PackageTmp$" />
  </parameter>
  <parameter name="DefaultConnection-Web.config Connection String" defaultValue="Data Source=(LocalDB)\MSSQLLocalDB;AttachDbFilename=C:\Users\OUT-Reutov-VA\source\repos\SenatApi\SenatApi\SenatDB.mdf">
    <parameterEntry kind="XmlFile" scope="C:\\Users\\OUT-Reutov-VA\\source\\repos\\SenatApi\\SenatWebAp\\obj\\Release\\Package\\PackageTmp\\Web\.config$" match="/configuration/connectionStrings/add[@name='DefaultConnection']/@connectionString" />
  </parameter>
  <parameter name="DefaultConnection_DatabasePublish-Web.config Connection String" description="DefaultConnection Connection String used by Entity Framework Code First Model to deploy the database." defaultValue="Data Source=(LocalDB)\MSSQLLocalDB;AttachDbFilename=C:\Users\OUT-Reutov-VA\source\repos\SenatApi\SenatApi\SenatDB.mdf">
    <parameterEntry kind="XmlFile" scope="C:\\Users\\OUT-Reutov-VA\\source\\repos\\SenatApi\\SenatWebAp\\obj\\Release\\Package\\PackageTmp\\Web\.config$" match="/configuration/connectionStrings/add[@name='DefaultConnection_DatabasePublish']/@connectionString" />
  </parameter>
</parameters>